AAAGCTGGGTAGCAGCGA,7,18,13,29,9,23,19,18,30,19
AACGCACAAGCTCGACGT,35,74,39,65,45,55,37,66,61,51
AAGGCTTCCGAGTCAAAG,3,8,6,12,5,8,16,12,13,14
AATAAGATACACACCATC,3,9,7,10,4,8,10,6,8,8
AATAGGTTGTAACTGATT,77,174,135,226,171,191,249,268,256,212
AATTATTTCTGACAAGAC,12,35,22,40,17,25,38,37,42,36
ACACATCCACCTCTCAAC,2,1,1,4,1,2,1,3,3,6
ACACCTGGAGATGTTCCA,56,83,64,97,52,84,72,102,105,83
ACACTTGCGTTACATCAT,21,35,19,32,24,23,31,32,32,34
ACAGCCATCTCGACGTAC,20,37,30,46,22,43,45,52,41,40
ACAGTGTTAATCTGTTTA,5,7,3,6,2,6,5,8,9,9
ACCCGGATGTTAATAAAG,10,23,8,29,13,18,21,25,22,28
AGAATGACCTATAATAAA,21,29,19,37,26,18,23,37,37,29
AGCTATTGTATCTATTTC,116,162,123,179,137,143,164,220,194,161
AGGTCTCAGTATTAATGG,17,28,12,29,21,27,30,29,36,30
ATACATACTTTTTTTGAT,1,5,1,3,3,2,2,1,3,2
ATACATTACAACCACCGC,88,154,99,182,123,141,164,194,183,146
ATCAATGGTATGCCGTGT,41,81,49,81,52,52,76,80,65,72
ATCCATGAGCAATAGTCT,40,72,50,81,57,45,67,84,78,62
ATCCCGCGCAGTGACCGT,8,33,22,28,18,16,29,33,36,34
ATCTCACCCCTATCTAAC,20,42,30,48,35,44,38,57,59,50
ATTAACACCTTTTAGGAA,20,58,20,63,35,41,51,64,57,58
ATTAACGGTCGACAAGCC,23,59,37,94,40,48,81,97,84,55
ATTAGCTCTCTATGTACA,5,15,2,17,8,5,8,10,10,13
CAAAATGAATTGTGTGTA,35,59,38,55,46,47,47,62,67,56
CAACAGCCCCCATCTCAT,14,26,16,25,19,14,27,33,33,20
CACAAATCATATACTCGC,81,154,98,170,120,108,136,179,152,163
CACAAGAGAACAAGTGAG,54,76,65,99,69,95,75,89,82,86
CACATAGCTGTAGTATCC,67,131,71,131,93,103,120,134,132,110
CACGGCTACCTTCATCCT,4,22,10,23,10,18,15,18,18,12
CACTGGCCCAGGCGGCCC,9,26,13,26,10,8,27,26,28,17
CACTTCATCCGTCGTAAA,39,67,51,75,55,60,55,85,90,67
CAGACGCGCCACCTACTG,2,8,6,13,9,11,12,10,12,16
CAGCATTTCGTATAGGTA,18,35,28,47,34,25,38,43,32,25
CAGCTATATCCTTTAGTA,17,29,21,37,19,33,34,29,53,32
CAGTAGACTAATAATCTT,63,109,63,132,98,78,112,151,132,96
CATCTACGTTCGTATCGG,22,71,30,66,48,37,61,84,68,44
CATGAACCAATGATAGTA,8,18,4,11,5,15,17,12,18,23
CATTCTAGGTTTTTAAAT,10,12,10,20,17,10,19,22,13,12
CATTGTAACTGGCAAACG,6,11,9,10,3,7,10,12,11,7
CCAGTGTGAAACAATCCA,10,13,9,5,14,8,12,9,13,11
CCCCCATACGGGGCCAGC,66,145,107,177,111,112,138,176,190,157
CCCGCCACCAAACTCCCC,11,21,15,28,17,11,35,28,36,22
CCCGCCCCCATTCCCGGC,11,53,32,60,39,30,40,71,66,51
CCCTTATTACACCTCACG,29,74,27,56,36,42,59,59,44,49
CCCTTTACTCCTAAATCC,26,39,38,59,41,40,37,66,47,45
CCGGTCAAAAGGAGGGCG,28,48,33,64,44,44,51,66,54,41
CCTACCCCTACCCTCCCC,44,111,61,134,94,80,99,148,120,105
CGCCCTACCTACACAGCG,37,54,34,60,39,34,43,50,44,61
CGCTCCTCCCGAGCGCAC,16,55,23,55,44,27,46,59,61,37
CGGGAGGGTGGGCGCCCG,10,25,13,29,16,15,29,36,38,25
CGGTGAGCCAGGGATGGG,11,30,23,37,15,21,38,30,37,32
CGTGAGTACAGCAAATTC,68,110,69,127,100,77,115,132,122,111
CGTTATGAAACCGTAAAC,33,34,23,51,19,32,41,52,38,37
CTAGATGTTGGAACAACG,9,18,6,14,8,4,8,3,6,11
CTCCCTCCGCCACGCCCC,7,31,7,25,10,10,15,16,22,13
CTCGGTACGTGTCAAGCA,36,79,47,78,48,58,60,62,68,73
CTCTACATGTCGGCCTTC,25,46,19,60,30,29,38,55,47,41
CTGTGATGAACCGAACGT,12,31,16,21,15,25,28,29,24,15
CTTATAAAGCTTCTTCTC,42,68,40,70,55,45,66,83,53,53
CTTCCCTCTTGAATATAT,5,14,4,13,12,13,8,12,8,10
CTTTTAAGTAGCAATTTC,27,40,31,57,36,26,49,74,54,38
CTTTTCTCAGAGATCTGT,30,45,32,69,49,42,59,67,49,57
GAGAAGATTAATAAACGC,14,38,21,27,28,28,33,29,38,26
GAGTCATGCGGGAGGGGT,23,63,40,65,37,40,40,82,55,49
GAGTGAACAAATGACGAC,11,17,12,13,16,20,20,21,17,14
GAGTGAGCGCAAGGTGCG,16,46,39,56,40,36,44,71,56,58
GATACGGGCACTGCCGGT,8,19,15,25,17,9,23,34,24,25
GATCTGAACTGTAGGGTT,17,37,31,41,18,41,28,51,42,38
GCCAAATGTTCGATCCTA,15,23,22,34,15,21,15,25,22,18
GCCTCCACCCGCCTCCCC,9,21,10,31,16,16,18,31,28,18
GCTCGGGTTAATTCTACC,23,52,31,54,38,42,39,50,55,59
GCTTAGATAACTCACTCA,33,78,40,59,56,42,57,65,84,64
GGAAGTGGTGATTAGGGC,28,64,49,75,58,60,68,71,77,67
GGACACTTCACGTTTCGT,51,92,64,113,89,77,84,104,95,80
GGACTGTCTTATCATGTT,43,92,50,80,67,65,78,105,79,72
GGATGAAGGACGGCCACG,59,154,100,154,100,123,138,139,149,136
GGCCTCTGTTATGAAAGT,8,21,14,23,10,18,13,12,19,13
GGCGTTGGGTCGACGGGA,20,98,58,86,50,55,78,116,92,86
GGGAGTGCTAGGGAGGGA,9,11,13,23,12,17,12,22,18,16
GGGATGTCACCGGCCGCG,72,214,109,222,151,127,190,226,228,200
GGGGTCAGGGGTCTCAAA,82,149,89,139,125,109,138,139,142,137
GGTAGTCCGAGATCTTTT,41,81,45,80,58,62,64,95,72,56
GTACTTATCATGGCTTGG,15,48,23,62,23,30,49,49,44,34
GTCCAGTCCCACGCTTTT,42,87,53,107,49,76,81,114,85,93
GTGCTAAGGGGCGGATCA,72,180,114,171,146,133,147,186,204,160
GTGGCTGTGGGTGGGCGG,35,108,54,92,62,62,91,116,113,88
GTGGGGTTTGGGGGGTGG,21,39,29,35,40,37,45,47,47,44
GTTGATCTAGCATCTATG,48,75,56,92,77,75,95,100,100,84
TAAATTAGAGGTCAACCA,8,12,13,13,8,9,15,14,12,16
TAATCCACCTGAAGCGAT,29,79,42,75,52,42,49,81,65,66
TAATTCGAACATCACTAT,19,48,22,45,33,35,42,51,56,41
TACAAAGTCGTAGTAAAA,10,26,18,42,12,27,16,26,28,25
TACTGAACTATATCATGA,75,124,93,137,100,113,131,155,169,132
TAGAAACTGGCAACGTCT,37,51,39,62,36,46,58,55,51,53
TATAGCCTCTAAGTAGGA,13,36,18,34,25,21,28,41,46,35
TCAACGGAATTAACAAAC,52,97,62,104,85,84,124,126,113,91
TCAGTGTCAAAAAGCGCC,52,83,49,103,60,67,58,114,96,64
TCTTAAAGACGGGCGAGG,8,19,9,11,13,12,14,14,12,12
TGACTATTTTAGTTGAGC,30,62,42,70,54,51,63,68,57,62
TGAGCCCTCGTGCGTTTG,16,41,22,47,19,26,13,30,37,31
TGCACGAGTTAAAGAAAC,42,84,55,90,66,74,93,108,91,79
TGCTAGTAATCGTATAAG,20,31,18,31,27,36,31,34,34,21
TGGAATTGAAGCTTAAAC,6,11,12,10,3,8,11,8,7,9
TTAATGTGTGCGTTGTGT,39,59,33,61,47,48,51,71,63,57
TTATCAGTTAGTCTGAAT,62,122,76,135,93,93,98,129,135,111
TTCTGTTGCTTTGAATAA,14,40,17,36,24,30,34,31,35,38
TTCTTGTACCACCGCCCA,26,62,19,43,47,31,40,49,46,35